id;created_at;updated_at;code;libel_court;libel_long;plafond;type_plafond;conso_journaliere;conso_mensuelle;type_tp;code_comptable;nbre_bordereaux;registrecommerce;status;phone;mobile;enable;address;montant_max_facture;remise_forfetaire
1;2020-05-31T10:02:57;2020-05-31T15:09:03;Small Metal Keyboard Kids;Unbranded Wooden Table Gorgeous;ability;91697;false;63329;47309;ASSURANCE;leading edge Savings Account Human;43196;quantify;STOCK;939.980.5537 x706;quantify;true;Handcrafted Frozen Gloves Designer;75895;6403
2;2020-05-31T06:24:33;2020-05-31T17:05:10;Creative open-source;1080p envisioneer;Stravenue portal tertiary;43131;true;75057;71058;ASSURANCE;EXE Money Market Account;85414;monitor bluetooth;DESACTIVE;1-771-422-7512 x014;ADP;false;dot-com technologies Refined Wooden Table;76863;78723
3;2020-05-31T11:08:32;2020-05-31T16:58:46;plum;Plastic;Republic of Korea lime;64386;false;53662;8207;ASSURANCE;Armenia;70689;drive Bulgaria;DESACTIVE;(136) 048-4824;intangible;true;matrix quantify;21417;89576
4;2020-05-31T07:38:31;2020-05-31T15:24:19;COM matrix;back-end Director;Beauty JSON;80619;false;77607;65620;ASSURANCE;Table process improvement;43531;New York navigate;ACTIVE;(353) 644-2509 x741;Fish Versatile;false;Borders;80244;92045
5;2020-05-31T02:54:12;2020-05-31T15:08:28;leverage Washington payment;back-end;Frozen Incredible;98061;false;5780;51452;ASSURANCE;Tactics;45173;payment Corporate COM;PASSE;089-204-7034;Gorgeous Concrete Ch;true;schemas 24 hour;15556;85523
6;2020-05-31T14:41:20;2020-05-31T16:51:15;Administrator plum;Jordan;CFA Franc BEAC integrate Practical Plastic Chips;90305;true;12341;55196;CARNET;orchestration Berkshire;29188;whiteboard;PASSE;(991) 379-9711;Washington;true;Expanded GB program;38689;6189
7;2020-05-31T04:25:22;2020-05-30T22:29:33;withdrawal;Automotive Savings Account;solution Tools;1869;false;70452;24138;CARNET;infrastructures Designer;1427;Mouse;VALIDE;1-152-951-1410;SMS;false;portals;91845;24564
8;2020-05-30T23:27:44;2020-05-31T03:48:40;Borders transmit niches;Cambridgeshire;value-added parsing Generic Wooden Sausages;51416;true;52505;87760;CARNET;24 hour exploit invoice;60555;Product Indonesia;PERIME;378-353-4157 x859;Home Loan Account;false;Practical;63896;14125
9;2020-05-31T16:23:54;2020-05-31T11:48:57;support Small;orchestrate navigate;enterprise Automotive deposit;99047;false;37359;22785;ASSURANCE;Organic Vision-oriented;69524;Robust;PERIME;(447) 483-9498 x4725;methodologies;false;synergistic Handmade Soft Keyboard;96847;58691
10;2020-05-31T09:46:56;2020-05-31T14:54:32;alarm Personal Loan Account methodologies;Utah Movies back-end;interface Plastic Clothing;50260;true;11326;19594;ASSURANCE;Savings Account Configurable Chief;44026;Crest 1080p Computer;STOCK;1-757-899-9973 x5361;Pula Port;true;budgetary management Intranet;80659;84608
